rep_product_id,brand,model,category,capacity,variants,min_price,coupang_search_url,coupang_url
114,JEEP,캡락,백패킹텐트,1,1,189000,https://www.coupang.com/np/search?q=JEEP+%EC%BA%A1%EB%9D%BD,https://link.coupang.com/a/ewr9ciUCyW
194,MIER,울트라라이트 초경량 백패킹 1인용 텐트,백패킹텐트,1,4,299900,https://www.coupang.com/np/search?q=MIER+%EC%9A%B8%ED%8A%B8%EB%9D%BC%EB%9D%BC%EC%9D%B4%ED%8A%B8+%EC%B4%88%EA%B2%BD%EB%9F%89+%EB%B0%B1%ED%8C%A8%ED%82%B9+1%EC%9D%B8%EC%9A%A9+%ED%85%90%ED%8A%B8,https://link.coupang.com/a/ewsqEU8DQG
582,MSR,Elixir2 엘릭서 2 2인용 텐트 V2 모델,백패킹텐트,2,1,454700,https://www.coupang.com/np/search?q=MSR+Elixir2+%EC%97%98%EB%A6%AD%EC%84%9C+2+2%EC%9D%B8%EC%9A%A9+%ED%85%90%ED%8A%B8+V2+%EB%AA%A8%EB%8D%B8,https://link.coupang.com/a/ewsx2sw7We
579,MSR,엘릭서 1,백패킹텐트,1,1,434120,https://www.coupang.com/np/search?q=MSR+%EC%97%98%EB%A6%AD%EC%84%9C+1,https://link.coupang.com/a/ewsEM8iMP6
308,MSR,엘릭서 1 V2 텐트,백패킹텐트,1,1,310680,https://www.coupang.com/np/search?q=MSR+%EC%97%98%EB%A6%AD%EC%84%9C+1+V2+%ED%85%90%ED%8A%B8,https://link.coupang.com/a/ewsGi85HFd
327,MSR,엘릭서 2 V2,백패킹텐트,2,1,651850,https://www.coupang.com/np/search?q=MSR+%EC%97%98%EB%A6%AD%EC%84%9C+2+V2,https://link.coupang.com/a/ewsHUyLE8O
127,MSR,엘릭서1 2025,백패킹텐트,1,2,380000,https://www.coupang.com/np/search?q=MSR+%EC%97%98%EB%A6%AD%EC%84%9C1+2025,https://link.coupang.com/a/ewsJhqA26m
60,MSR,엘릭서4 2025,백패킹텐트,4,1,670000,https://www.coupang.com/np/search?q=MSR+%EC%97%98%EB%A6%AD%EC%84%9C4+2025,https://link.coupang.com/a/ewsMue8zQq
91,MSR,프리라이트 3,백패킹텐트,3,2,520000,https://www.coupang.com/np/search?q=MSR+%ED%94%84%EB%A6%AC%EB%9D%BC%EC%9D%B4%ED%8A%B8+3,https://link.coupang.com/a/ewsNNjlGbQ
53,MSR,허바허바 LT 1,백패킹텐트,1,1,620000,https://www.coupang.com/np/search?q=MSR+%ED%97%88%EB%B0%94%ED%97%88%EB%B0%94+LT+1,https://link.coupang.com/a/ewsOD2ch6O
189,ODC,마크1 R,백패킹텐트,2,1,109790,https://www.coupang.com/np/search?q=ODC+%EB%A7%88%ED%81%AC1+R,https://link.coupang.com/a/ewsS6yVoaa
95,네이처하이크,EXT 스타 트레일1 트레킹 텐트 10D,백패킹텐트,1,1,292800,https://www.coupang.com/np/search?q=%EB%84%A4%EC%9D%B4%EC%B2%98%ED%95%98%EC%9D%B4%ED%81%AC+EXT+%EC%8A%A4%ED%83%80+%ED%8A%B8%EB%A0%88%EC%9D%BC1+%ED%8A%B8%EB%A0%88%ED%82%B9+%ED%85%90%ED%8A%B8+10D,https://link.coupang.com/a/ewsYiyzFjE
147,네이처하이크,NH UL 오파러스3 하이킹 텐트,백패킹텐트,3,1,366800,https://www.coupang.com/np/search?q=%EB%84%A4%EC%9D%B4%EC%B2%98%ED%95%98%EC%9D%B4%ED%81%AC+NH+UL+%EC%98%A4%ED%8C%8C%EB%9F%AC%EC%8A%A43+%ED%95%98%EC%9D%B4%ED%82%B9+%ED%85%90%ED%8A%B8,https://link.coupang.com/a/ewtgc0di5R
119,네이처하이크,UL 몽가 하이킹 텐트 15D 1인,백패킹텐트,1,1,252890,https://www.coupang.com/np/search?q=%EB%84%A4%EC%9D%B4%EC%B2%98%ED%95%98%EC%9D%B4%ED%81%AC+UL+%EB%AA%BD%EA%B0%80+%ED%95%98%EC%9D%B4%ED%82%B9+%ED%85%90%ED%8A%B8+15D+1%EC%9D%B8,https://link.coupang.com/a/ewtjrW1UrY
64,네이처하이크,듀반1 백패킹 텐트,백패킹텐트,1,1,241890,https://www.coupang.com/np/search?q=%EB%84%A4%EC%9D%B4%EC%B2%98%ED%95%98%EC%9D%B4%ED%81%AC+%EB%93%80%EB%B0%981+%EB%B0%B1%ED%8C%A8%ED%82%B9+%ED%85%90%ED%8A%B8,https://link.coupang.com/a/ewtkyjqdCC
57,네이처하이크,듀반2 백패킹 텐트,백패킹텐트,2,1,316000,https://www.coupang.com/np/search?q=%EB%84%A4%EC%9D%B4%EC%B2%98%ED%95%98%EC%9D%B4%ED%81%AC+%EB%93%80%EB%B0%982+%EB%B0%B1%ED%8C%A8%ED%82%B9+%ED%85%90%ED%8A%B8,https://link.coupang.com/a/ewtmAshugu
168,네이처하이크,몽가 2 15D,백패킹텐트,2,1,285300,https://www.coupang.com/np/search?q=%EB%84%A4%EC%9D%B4%EC%B2%98%ED%95%98%EC%9D%B4%ED%81%AC+%EB%AA%BD%EA%B0%80+2+15D,https://link.coupang.com/a/ewtpSFFDpY
14,네이처하이크,몽가2 20D,백패킹텐트,2,1,204800,https://www.coupang.com/np/search?q=%EB%84%A4%EC%9D%B4%EC%B2%98%ED%95%98%EC%9D%B4%ED%81%AC+%EB%AA%BD%EA%B0%802+20D,https://link.coupang.com/a/ewtrMcjPgq
19,네이처하이크,프로 클라우드업3 텐트 20D,백패킹텐트,3,1,252900,https://www.coupang.com/np/search?q=%EB%84%A4%EC%9D%B4%EC%B2%98%ED%95%98%EC%9D%B4%ED%81%AC+%ED%94%84%EB%A1%9C+%ED%81%B4%EB%9D%BC%EC%9A%B0%EB%93%9C%EC%97%853+%ED%85%90%ED%8A%B8+20D,https://link.coupang.com/a/ewtF4cMpJB
589,니모이큅먼트,드라곤플라이 오스모 1P,백패킹텐트,1,1,520200,https://www.coupang.com/np/search?q=%EB%8B%88%EB%AA%A8%EC%9D%B4%ED%81%85%EB%A8%BC%ED%8A%B8+%EB%93%9C%EB%9D%BC%EA%B3%A4%ED%94%8C%EB%9D%BC%EC%9D%B4+%EC%98%A4%EC%8A%A4%EB%AA%A8+1P,https://link.coupang.com/a/ewtPEp9W6S
205,니모이큅먼트,드라곤플라이 오스모 2P,백패킹텐트,2,1,521530,https://www.coupang.com/np/search?q=%EB%8B%88%EB%AA%A8%EC%9D%B4%ED%81%85%EB%A8%BC%ED%8A%B8+%EB%93%9C%EB%9D%BC%EA%B3%A4%ED%94%8C%EB%9D%BC%EC%9D%B4+%EC%98%A4%EC%8A%A4%EB%AA%A8+2P,https://link.coupang.com/a/ewtS6b4dsi
590,니모이큅먼트,드라곤플라이 오스모 3P,백패킹텐트,3,1,557700,https://www.coupang.com/np/search?q=%EB%8B%88%EB%AA%A8%EC%9D%B4%ED%81%85%EB%A8%BC%ED%8A%B8+%EB%93%9C%EB%9D%BC%EA%B3%A4%ED%94%8C%EB%9D%BC%EC%9D%B4+%EC%98%A4%EC%8A%A4%EB%AA%A8+3P,https://link.coupang.com/a/ewtU5bNM0y
37,니모이큅먼트,아톰 오스모 2P,백패킹텐트,2,1,448800,https://www.coupang.com/np/search?q=%EB%8B%88%EB%AA%A8%EC%9D%B4%ED%81%85%EB%A8%BC%ED%8A%B8+%EC%95%84%ED%86%B0+%EC%98%A4%EC%8A%A4%EB%AA%A8+2P,https://link.coupang.com/a/ewtKnL7dNQ
321,니모이큅먼트,오로라 2P,백패킹텐트,2,1,385200,https://www.coupang.com/np/search?q=%EB%8B%88%EB%AA%A8%EC%9D%B4%ED%81%85%EB%A8%BC%ED%8A%B8+%EC%98%A4%EB%A1%9C%EB%9D%BC+2P,https://link.coupang.com/a/ewt6rWozDM
244,니모이큅먼트,오로라 릿지 2P,백패킹텐트,2,1,310800,https://www.coupang.com/np/search?q=%EB%8B%88%EB%AA%A8%EC%9D%B4%ED%81%85%EB%A8%BC%ED%8A%B8+%EC%98%A4%EB%A1%9C%EB%9D%BC+%EB%A6%BF%EC%A7%80+2P,https://link.coupang.com/a/ewupdoMMbA
83,니모이큅먼트,코디악 2P 텐트,백패킹텐트,2,1,632500,https://www.coupang.com/np/search?q=%EB%8B%88%EB%AA%A8%EC%9D%B4%ED%81%85%EB%A8%BC%ED%8A%B8+%EC%BD%94%EB%94%94%EC%95%85+2P+%ED%85%90%ED%8A%B8,https://link.coupang.com/a/ewuj1iKbim
85,니모이큅먼트,쿠나이 2P,백패킹텐트,2,1,666480,https://www.coupang.com/np/search?q=%EB%8B%88%EB%AA%A8%EC%9D%B4%ED%81%85%EB%A8%BC%ED%8A%B8+%EC%BF%A0%EB%82%98%EC%9D%B4+2P,https://link.coupang.com/a/ewuhB4YsVg
180,니모이큅먼트,트래커 오스모 1P,백패킹텐트,1,1,574600,https://www.coupang.com/np/search?q=%EB%8B%88%EB%AA%A8%EC%9D%B4%ED%81%85%EB%A8%BC%ED%8A%B8+%ED%8A%B8%EB%9E%98%EC%BB%A4+%EC%98%A4%EC%8A%A4%EB%AA%A8+1P,https://link.coupang.com/a/ewufB7XOY8
251,니모이큅먼트,트래커 오스모 2P,백패킹텐트,2,1,691200,https://www.coupang.com/np/search?q=%EB%8B%88%EB%AA%A8%EC%9D%B4%ED%81%85%EB%A8%BC%ED%8A%B8+%ED%8A%B8%EB%9E%98%EC%BB%A4+%EC%98%A4%EC%8A%A4%EB%AA%A8+2P,https://link.coupang.com/a/ewuesEGJCm
105,니모이큅먼트,호넷 엘리트 오스모 1P,백패킹텐트,1,1,592200,https://www.coupang.com/np/search?q=%EB%8B%88%EB%AA%A8%EC%9D%B4%ED%81%85%EB%A8%BC%ED%8A%B8+%ED%98%B8%EB%84%B7+%EC%97%98%EB%A6%AC%ED%8A%B8+%EC%98%A4%EC%8A%A4%EB%AA%A8+1P,https://link.coupang.com/a/ewusLocbjE
237,니모이큅먼트,호넷 엘리트 오스모 2P,백패킹텐트,2,1,589420,https://www.coupang.com/np/search?q=%EB%8B%88%EB%AA%A8%EC%9D%B4%ED%81%85%EB%A8%BC%ED%8A%B8+%ED%98%B8%EB%84%B7+%EC%97%98%EB%A6%AC%ED%8A%B8+%EC%98%A4%EC%8A%A4%EB%AA%A8+2P,https://link.coupang.com/a/ewutPSO6G4
154,니모이큅먼트,호넷 오스모 2P,백패킹텐트,2,1,492110,https://www.coupang.com/np/search?q=%EB%8B%88%EB%AA%A8%EC%9D%B4%ED%81%85%EB%A8%BC%ED%8A%B8+%ED%98%B8%EB%84%B7+%EC%98%A4%EC%8A%A4%EB%AA%A8+2P,https://link.coupang.com/a/ewuv7vOduS
226,니모이큅먼트,호넷 오스모 3P,백패킹텐트,3,1,581570,https://www.coupang.com/np/search?q=%EB%8B%88%EB%AA%A8%EC%9D%B4%ED%81%85%EB%A8%BC%ED%8A%B8+%ED%98%B8%EB%84%B7+%EC%98%A4%EC%8A%A4%EB%AA%A8+3P,https://link.coupang.com/a/ewuxgri2nY
17,랩(Rab),MR-65 라톡 마운틴,백패킹텐트,2,1,1200000,https://www.coupang.com/np/search?q=%EB%9E%A9%28Rab%29+MR-65+%EB%9D%BC%ED%86%A1+%EB%A7%88%EC%9A%B4%ED%8B%B4,https://link.coupang.com/a/ewuyEpuETs
212,로티캠프,RCE 시에라 백패킹 텐트,백패킹텐트,2,1,164680,https://www.coupang.com/np/search?q=%EB%A1%9C%ED%8B%B0%EC%BA%A0%ED%94%84+RCE+%EC%8B%9C%EC%97%90%EB%9D%BC+%EB%B0%B1%ED%8C%A8%ED%82%B9+%ED%85%90%ED%8A%B8,https://link.coupang.com/a/ewuAjcM2Cq
164,마운틴이큅먼트,헥사 쉘터,백패킹텐트,4,1,201750,https://www.coupang.com/np/search?q=%EB%A7%88%EC%9A%B4%ED%8B%B4%EC%9D%B4%ED%81%85%EB%A8%BC%ED%8A%B8+%ED%97%A5%EC%82%AC+%EC%89%98%ED%84%B0,https://link.coupang.com/a/ewuCXkF6oS
29,몽돌,조아캠프 돔형 텐트 1-2인용,백패킹텐트,2,2,23370,https://www.coupang.com/np/search?q=%EB%AA%BD%EB%8F%8C+%EC%A1%B0%EC%95%84%EC%BA%A0%ED%94%84+%EB%8F%94%ED%98%95+%ED%85%90%ED%8A%B8+1-2%EC%9D%B8%EC%9A%A9,https://link.coupang.com/a/ewuHL8kuBw
181,몽벨,마이티 돔 1,백패킹텐트,1,1,836600,https://www.coupang.com/np/search?q=%EB%AA%BD%EB%B2%A8+%EB%A7%88%EC%9D%B4%ED%8B%B0+%EB%8F%94+1,https://link.coupang.com/a/ewuJvO5Wwu
11,몽벨,마이티 돔 2,백패킹텐트,2,1,990000,https://www.coupang.com/np/search?q=%EB%AA%BD%EB%B2%A8+%EB%A7%88%EC%9D%B4%ED%8B%B0+%EB%8F%94+2,https://link.coupang.com/a/ewuLvF8meO
97,몽벨,문라이트 텐트 1 카모플라쥬,백패킹텐트,1,1,259350,https://www.coupang.com/np/search?q=%EB%AA%BD%EB%B2%A8+%EB%AC%B8%EB%9D%BC%EC%9D%B4%ED%8A%B8+%ED%85%90%ED%8A%B8+1+%EC%B9%B4%EB%AA%A8%ED%94%8C%EB%9D%BC%EC%A5%AC,https://link.coupang.com/a/ewuMHzQQxM
227,몽벨,문라이트 텐트 2,백패킹텐트,1,2,439000,https://www.coupang.com/np/search?q=%EB%AA%BD%EB%B2%A8+%EB%AC%B8%EB%9D%BC%EC%9D%B4%ED%8A%B8+%ED%85%90%ED%8A%B8+2,https://link.coupang.com/a/ewuQdzar12
121,몽벨,스텔라릿지 텐트 1,백패킹텐트,1,1,459000,https://www.coupang.com/np/search?q=%EB%AA%BD%EB%B2%A8+%EC%8A%A4%ED%85%94%EB%9D%BC%EB%A6%BF%EC%A7%80+%ED%85%90%ED%8A%B8+1,https://link.coupang.com/a/ewuSG5S1Tw
32,몽벨,스텔라릿지 텐트 2,백패킹텐트,2,2,440160,https://www.coupang.com/np/search?q=%EB%AA%BD%EB%B2%A8+%EC%8A%A4%ED%85%94%EB%9D%BC%EB%A6%BF%EC%A7%80+%ED%85%90%ED%8A%B8+2,https://link.coupang.com/a/ewuUmUw3qu
224,미니멀웍스,파프리카,백패킹텐트,2,1,400500,https://www.coupang.com/np/search?q=%EB%AF%B8%EB%8B%88%EB%A9%80%EC%9B%8D%EC%8A%A4+%ED%8C%8C%ED%94%84%EB%A6%AC%EC%B9%B4,https://link.coupang.com/a/ewu0HqmK5I
739,미니멀웍스,폼므,백패킹텐트,2,4,430000,https://www.coupang.com/np/search?q=%EB%AF%B8%EB%8B%88%EB%A9%80%EC%9B%8D%EC%8A%A4+%ED%8F%BC%EB%AF%80,https://link.coupang.com/a/ewu2toHduK
33,반고,소울 100 딥,백패킹텐트,1,1,108800,https://www.coupang.com/np/search?q=%EB%B0%98%EA%B3%A0+%EC%86%8C%EC%9A%B8+100+%EB%94%A5,https://link.coupang.com/a/ewvJwQA8Oq
223,반고,소울 200,백패킹텐트,2,1,144000,https://www.coupang.com/np/search?q=%EB%B0%98%EA%B3%A0+%EC%86%8C%EC%9A%B8+200,https://link.coupang.com/a/ewvMo2YOY0
142,반고,소울 200 딥,백패킹텐트,2,1,120700,https://www.coupang.com/np/search?q=%EB%B0%98%EA%B3%A0+%EC%86%8C%EC%9A%B8+200+%EB%94%A5,https://link.coupang.com/a/ewvMo2YOY0
268,반고,소울 300,백패킹텐트,3,1,174396,https://www.coupang.com/np/search?q=%EB%B0%98%EA%B3%A0+%EC%86%8C%EC%9A%B8+300,https://link.coupang.com/a/ewvQMfAqLk
148,반고,소울 300 딥 텐트,백패킹텐트,3,1,139400,https://www.coupang.com/np/search?q=%EB%B0%98%EA%B3%A0+%EC%86%8C%EC%9A%B8+300+%EB%94%A5+%ED%85%90%ED%8A%B8,https://link.coupang.com/a/ewvQMfAqLk
161,반고,클래식 인스탄트 300 딥 퀵텐트,백패킹텐트,3,1,241400,https://www.coupang.com/np/search?q=%EB%B0%98%EA%B3%A0+%ED%81%B4%EB%9E%98%EC%8B%9D+%EC%9D%B8%EC%8A%A4%ED%83%84%ED%8A%B8+300+%EB%94%A5+%ED%80%B5%ED%85%90%ED%8A%B8,https://link.coupang.com/a/ewvTbn2A5k
241,반고,헤일로 300 파미르,백패킹텐트,3,1,428400,https://www.coupang.com/np/search?q=%EB%B0%98%EA%B3%A0+%ED%97%A4%EC%9D%BC%EB%A1%9C+300+%ED%8C%8C%EB%AF%B8%EB%A5%B4,https://link.coupang.com/a/ewvT3slhfg
10,백컨트리,재너두 2P DAC 익스패디션,백패킹텐트,2,1,506350,https://www.coupang.com/np/search?q=%EB%B0%B1%EC%BB%A8%ED%8A%B8%EB%A6%AC+%EC%9E%AC%EB%84%88%EB%91%90+2P+DAC+%EC%9D%B5%EC%8A%A4%ED%8C%A8%EB%94%94%EC%85%98,https://link.coupang.com/a/ewvZNBIGNo
412,백컨트리,재너두 2P 스탠다드,백패킹텐트,2,1,462700,https://www.coupang.com/np/search?q=%EB%B0%B1%EC%BB%A8%ED%8A%B8%EB%A6%AC+%EC%9E%AC%EB%84%88%EB%91%90+2P+%EC%8A%A4%ED%83%A0%EB%8B%A4%EB%93%9C,https://link.coupang.com/a/ewv02ugZ3s
271,블랙다이아몬드,스카이라이트,백패킹텐트,3,1,696600,https://www.coupang.com/np/search?q=%EB%B8%94%EB%9E%99%EB%8B%A4%EC%9D%B4%EC%95%84%EB%AA%AC%EB%93%9C+%EC%8A%A4%EC%B9%B4%EC%9D%B4%EB%9D%BC%EC%9D%B4%ED%8A%B8,https://link.coupang.com/a/ewv3h0JIPc
87,스노우라인,2020 쉘터돔 2P 텐트,백패킹텐트,2,1,150000,https://www.coupang.com/np/search?q=%EC%8A%A4%EB%85%B8%EC%9A%B0%EB%9D%BC%EC%9D%B8+2020+%EC%89%98%ED%84%B0%EB%8F%94+2P+%ED%85%90%ED%8A%B8,https://link.coupang.com/a/ewv9m7xF24
58,스노우라인,알파인 라이트 2,백패킹텐트,2,1,156080,https://www.coupang.com/np/search?q=%EC%8A%A4%EB%85%B8%EC%9A%B0%EB%9D%BC%EC%9D%B8+%EC%95%8C%ED%8C%8C%EC%9D%B8+%EB%9D%BC%EC%9D%B4%ED%8A%B8+2,https://link.coupang.com/a/ewwaGhx1I4
104,스노우라인,알파인 코트 텐트,백패킹텐트,1,1,140000,https://www.coupang.com/np/search?q=%EC%8A%A4%EB%85%B8%EC%9A%B0%EB%9D%BC%EC%9D%B8+%EC%95%8C%ED%8C%8C%EC%9D%B8+%EC%BD%94%ED%8A%B8+%ED%85%90%ED%8A%B8,https://link.coupang.com/a/ewwbBPyC5s
144,씨투써밋,아이코스 TR2 텐트,백패킹텐트,2,1,435400,https://www.coupang.com/np/search?q=%EC%94%A8%ED%88%AC%EC%8D%A8%EB%B0%8B+%EC%95%84%EC%9D%B4%EC%BD%94%EC%8A%A4+TR2+%ED%85%90%ED%8A%B8,https://link.coupang.com/a/ewwhJArW9c
193,씨투써밋,아이코스 TR3 텐트,백패킹텐트,3,1,532000,https://www.coupang.com/np/search?q=%EC%94%A8%ED%88%AC%EC%8D%A8%EB%B0%8B+%EC%95%84%EC%9D%B4%EC%BD%94%EC%8A%A4+TR3+%ED%85%90%ED%8A%B8,https://link.coupang.com/a/ewwi1jSeAu
118,씨투써밋,알토 TR1 UL,백패킹텐트,1,2,443800,https://www.coupang.com/np/search?q=%EC%94%A8%ED%88%AC%EC%8D%A8%EB%B0%8B+%EC%95%8C%ED%86%A0+TR1+UL,https://link.coupang.com/a/ewwj0l4tuS
316,씨투써밋,알토 TR1 플러스 UL,백패킹텐트,1,2,485100,https://www.coupang.com/np/search?q=%EC%94%A8%ED%88%AC%EC%8D%A8%EB%B0%8B+%EC%95%8C%ED%86%A0+TR1+%ED%94%8C%EB%9F%AC%EC%8A%A4+UL,https://link.coupang.com/a/ewwlbTSKZg
277,씨투써밋,알토 TR2 UL,백패킹텐트,2,2,543200,https://www.coupang.com/np/search?q=%EC%94%A8%ED%88%AC%EC%8D%A8%EB%B0%8B+%EC%95%8C%ED%86%A0+TR2+UL,https://link.coupang.com/a/ewwl92HsQu
61,씨투써밋,알토 TR2 플러스 UL,백패킹텐트,2,2,562100,https://www.coupang.com/np/search?q=%EC%94%A8%ED%88%AC%EC%8D%A8%EB%B0%8B+%EC%95%8C%ED%86%A0+TR2+%ED%94%8C%EB%9F%AC%EC%8A%A4+UL,https://link.coupang.com/a/ewwnbn3An7
166,씨투써밋,텔러스 TR2,백패킹텐트,2,2,590100,https://www.coupang.com/np/search?q=%EC%94%A8%ED%88%AC%EC%8D%A8%EB%B0%8B+%ED%85%94%EB%9F%AC%EC%8A%A4+TR2,https://link.coupang.com/a/ewwoRbKLsa
167,씨투써밋,텔러스 TR2 플러스,백패킹텐트,2,1,728000,https://www.coupang.com/np/search?q=%EC%94%A8%ED%88%AC%EC%8D%A8%EB%B0%8B+%ED%85%94%EB%9F%AC%EC%8A%A4+TR2+%ED%94%8C%EB%9F%AC%EC%8A%A4,https://link.coupang.com/a/ewwp438Vd6
220,씨투써밋,텔러스 TR3,백패킹텐트,3,1,749700,https://www.coupang.com/np/search?q=%EC%94%A8%ED%88%AC%EC%8D%A8%EB%B0%8B+%ED%85%94%EB%9F%AC%EC%8A%A4+TR3,https://link.coupang.com/a/ewwqIuoOhE
310,울프라운치,그래픽 텐트 데자뷰,백패킹텐트,2,1,201471,https://www.coupang.com/np/search?q=%EC%9A%B8%ED%94%84%EB%9D%BC%EC%9A%B4%EC%B9%98+%EA%B7%B8%EB%9E%98%ED%94%BD+%ED%85%90%ED%8A%B8+%EB%8D%B0%EC%9E%90%EB%B7%B0,https://link.coupang.com/a/ewwydVbCLs
88,쟈칼,블랍 텐트 풀세트,백패킹텐트,3,1,199000,https://www.coupang.com/np/search?q=%EC%9F%88%EC%B9%BC+%EB%B8%94%EB%9E%8D+%ED%85%90%ED%8A%B8+%ED%92%80%EC%84%B8%ED%8A%B8,https://link.coupang.com/a/ewx0ljUuI1
31,쟈칼,코트 텐트,백패킹텐트,1,1,69000,https://www.coupang.com/np/search?q=%EC%9F%88%EC%B9%BC+%EC%BD%94%ED%8A%B8+%ED%85%90%ED%8A%B8,https://link.coupang.com/a/ewx06MTBjU
777,제드코리아,이스턴 돔 3,백패킹텐트,2,1,101000,https://www.coupang.com/np/search?q=%EC%A0%9C%EB%93%9C%EC%BD%94%EB%A6%AC%EC%95%84+%EC%9D%B4%EC%8A%A4%ED%84%B4+%EB%8F%94+3,https://link.coupang.com/a/ewx2glhs1Q
99,카르닉,오블리크 경량 백패킹 텐트 1-2인용,백패킹텐트,2,4,98100,https://www.coupang.com/np/search?q=%EC%B9%B4%EB%A5%B4%EB%8B%89+%EC%98%A4%EB%B8%94%EB%A6%AC%ED%81%AC+%EA%B2%BD%EB%9F%89+%EB%B0%B1%ED%8C%A8%ED%82%B9+%ED%85%90%ED%8A%B8+1-2%EC%9D%B8%EC%9A%A9,https://link.coupang.com/a/ewx4t0Aprw
276,켈티,디스커버리 트레일3,백패킹텐트,3,1,185110,https://www.coupang.com/np/search?q=%EC%BC%88%ED%8B%B0+%EB%94%94%EC%8A%A4%EC%BB%A4%EB%B2%84%EB%A6%AC+%ED%8A%B8%EB%A0%88%EC%9D%BC3,https://link.coupang.com/a/ewx8xwBEfQ
463,JEEP,코멘드 포스트 L,오토캠핑텐트,5,1,1569000,https://www.coupang.com/np/search?q=JEEP+%EC%BD%94%EB%A9%98%EB%93%9C+%ED%8F%AC%EC%8A%A4%ED%8A%B8+L,https://link.coupang.com/a/ewsPpcrR7s
390,JEEP,코멘드 포스트 M,오토캠핑텐트,5,1,690000,https://www.coupang.com/np/search?q=JEEP+%EC%BD%94%EB%A9%98%EB%93%9C+%ED%8F%AC%EC%8A%A4%ED%8A%B8+M,https://link.coupang.com/a/ewsQ3TPLUG
581,MSR,틴드하임 2,오토캠핑텐트,2,1,730000,https://www.coupang.com/np/search?q=MSR+%ED%8B%B4%EB%93%9C%ED%95%98%EC%9E%84+2,https://link.coupang.com/a/ewsZ0ZIHvg
373,네이처하이크,NH 빌리지 13 릿지 자동 텐트 티타늄 블랙코팅,오토캠핑텐트,6,1,595000,https://www.coupang.com/np/search?q=%EB%84%A4%EC%9D%B4%EC%B2%98%ED%95%98%EC%9D%B4%ED%81%AC+NH+%EB%B9%8C%EB%A6%AC%EC%A7%80+13+%EB%A6%BF%EC%A7%80+%EC%9E%90%EB%8F%99+%ED%85%90%ED%8A%B8+%ED%8B%B0%ED%83%80%EB%8A%84+%EB%B8%94%EB%9E%99%EC%BD%94%ED%8C%85,https://link.coupang.com/a/ewuOF4QL6q
360,네이처하이크,빌리지 13,오토캠핑텐트,4,1,376000,https://www.coupang.com/np/search?q=%EB%84%A4%EC%9D%B4%EC%B2%98%ED%95%98%EC%9D%B4%ED%81%AC+%EB%B9%8C%EB%A6%AC%EC%A7%80+13,https://link.coupang.com/a/ewuRa4GAIC
355,네이처하이크,빌리지 8.5 에어텐트,오토캠핑텐트,5,2,523800,https://www.coupang.com/np/search?q=%EB%84%A4%EC%9D%B4%EC%B2%98%ED%95%98%EC%9D%B4%ED%81%AC+%EB%B9%8C%EB%A6%AC%EC%A7%80+8.5+%EC%97%90%EC%96%B4%ED%85%90%ED%8A%B8,https://link.coupang.com/a/ewuS9HRVL2
384,네이처하이크,앙고 에어 텐트,오토캠핑텐트,3,1,233520,https://www.coupang.com/np/search?q=%EB%84%A4%EC%9D%B4%EC%B2%98%ED%95%98%EC%9D%B4%ED%81%AC+%EC%95%99%EA%B3%A0+%EC%97%90%EC%96%B4+%ED%85%90%ED%8A%B8,https://link.coupang.com/a/ewuT1cyiqa
446,네이처하이크,에어텐트 12X,오토캠핑텐트,4,1,1100000,https://www.coupang.com/np/search?q=%EB%84%A4%EC%9D%B4%EC%B2%98%ED%95%98%EC%9D%B4%ED%81%AC+%EC%97%90%EC%96%B4%ED%85%90%ED%8A%B8+12X,https://link.coupang.com/a/ewu2lPCcHQ
468,네이처하이크,에어텐트 12Y,오토캠핑텐트,4,1,1430550,https://www.coupang.com/np/search?q=%EB%84%A4%EC%9D%B4%EC%B2%98%ED%95%98%EC%9D%B4%ED%81%AC+%EC%97%90%EC%96%B4%ED%85%90%ED%8A%B8+12Y,https://link.coupang.com/a/ewu3MbQvTg
483,네이처하이크,자동 원터치 텐트 3인용,오토캠핑텐트,3,1,74700,https://www.coupang.com/np/search?q=%EB%84%A4%EC%9D%B4%EC%B2%98%ED%95%98%EC%9D%B4%ED%81%AC+%EC%9E%90%EB%8F%99+%EC%9B%90%ED%84%B0%EC%B9%98+%ED%85%90%ED%8A%B8+3%EC%9D%B8%EC%9A%A9,https://link.coupang.com/a/ewvcscwngO
363,노스피크,모나,오토캠핑텐트,8,2,867000,https://www.coupang.com/np/search?q=%EB%85%B8%EC%8A%A4%ED%94%BC%ED%81%AC+%EB%AA%A8%EB%82%98,https://link.coupang.com/a/ewwtKq7H2a
406,노스피크,아케디아 맥스 소이밀크,오토캠핑텐트,6,1,1296540,https://www.coupang.com/np/search?q=%EB%85%B8%EC%8A%A4%ED%94%BC%ED%81%AC+%EC%95%84%EC%BC%80%EB%94%94%EC%95%84+%EB%A7%A5%EC%8A%A4+%EC%86%8C%EC%9D%B4%EB%B0%80%ED%81%AC,https://link.coupang.com/a/ewwu3k8tlQ
421,노스피크,퍼시픽오션 EX 플러스,오토캠핑텐트,6,1,1455000,https://www.coupang.com/np/search?q=%EB%85%B8%EC%8A%A4%ED%94%BC%ED%81%AC+%ED%8D%BC%EC%8B%9C%ED%94%BD%EC%98%A4%EC%85%98+EX+%ED%94%8C%EB%9F%AC%EC%8A%A4,https://link.coupang.com/a/ewwyCO3Tem
460,노스피크,포레스트 쉐이드 맥스,오토캠핑텐트,4,2,115000,https://www.coupang.com/np/search?q=%EB%85%B8%EC%8A%A4%ED%94%BC%ED%81%AC+%ED%8F%AC%EB%A0%88%EC%8A%A4%ED%8A%B8+%EC%89%90%EC%9D%B4%EB%93%9C+%EB%A7%A5%EC%8A%A4,https://link.coupang.com/a/ewwAiQu5gO
392,노스피크,포레스트 쉐이드 맥스 올리브샌드,오토캠핑텐트,4,1,119000,https://www.coupang.com/np/search?q=%EB%85%B8%EC%8A%A4%ED%94%BC%ED%81%AC+%ED%8F%AC%EB%A0%88%EC%8A%A4%ED%8A%B8+%EC%89%90%EC%9D%B4%EB%93%9C+%EB%A7%A5%EC%8A%A4+%EC%98%AC%EB%A6%AC%EB%B8%8C%EC%83%8C%EB%93%9C,https://link.coupang.com/a/ewwDMvVVXo
399,노스피크,헤일로 에어돔,오토캠핑텐트,4,1,760000,https://www.coupang.com/np/search?q=%EB%85%B8%EC%8A%A4%ED%94%BC%ED%81%AC+%ED%97%A4%EC%9D%BC%EB%A1%9C+%EC%97%90%EC%96%B4%EB%8F%94,https://link.coupang.com/a/ewxhl2APK0
596,니모이큅먼트,스파이크 2P,오토캠핑텐트,2,1,338300,https://www.coupang.com/np/search?q=%EB%8B%88%EB%AA%A8%EC%9D%B4%ED%81%85%EB%A8%BC%ED%8A%B8+%EC%8A%A4%ED%8C%8C%EC%9D%B4%ED%81%AC+2P,https://link.coupang.com/a/ewxjrQ8NTE
587,니모이큅먼트,웨건탑 4P,오토캠핑텐트,4,1,645600,https://www.coupang.com/np/search?q=%EB%8B%88%EB%AA%A8%EC%9D%B4%ED%81%85%EB%A8%BC%ED%8A%B8+%EC%9B%A8%EA%B1%B4%ED%83%91+4P,https://link.coupang.com/a/ewxlevZsYK
598,니모이큅먼트,웨건탑 6P,오토캠핑텐트,6,1,647310,https://www.coupang.com/np/search?q=%EB%8B%88%EB%AA%A8%EC%9D%B4%ED%81%85%EB%A8%BC%ED%8A%B8+%EC%9B%A8%EA%B1%B4%ED%83%91+6P,https://link.coupang.com/a/ewxCMEpNUy
597,니모이큅먼트,웨건탑 8P,오토캠핑텐트,8,1,723080,https://www.coupang.com/np/search?q=%EB%8B%88%EB%AA%A8%EC%9D%B4%ED%81%85%EB%A8%BC%ED%8A%B8+%EC%9B%A8%EA%B1%B4%ED%83%91+8P,https://link.coupang.com/a/ewxIrV1J24
588,니모이큅먼트,헥사라이트 6P LE,오토캠핑텐트,6,1,854890,https://www.coupang.com/np/search?q=%EB%8B%88%EB%AA%A8%EC%9D%B4%ED%81%85%EB%A8%BC%ED%8A%B8+%ED%97%A5%EC%82%AC%EB%9D%BC%EC%9D%B4%ED%8A%B8+6P+LE,https://link.coupang.com/a/ewxL110C0O
585,니모이큅먼트,헥사라이트 에보 6P,오토캠핑텐트,6,2,594450,https://www.coupang.com/np/search?q=%EB%8B%88%EB%AA%A8%EC%9D%B4%ED%81%85%EB%A8%BC%ED%8A%B8+%ED%97%A5%EC%82%AC%EB%9D%BC%EC%9D%B4%ED%8A%B8+%EC%97%90%EB%B3%B4+6P,https://link.coupang.com/a/ewxNWNyTsb
351,로티캠프,COM4 컴포트 원터치 텐트,오토캠핑텐트,4,1,69250,https://www.coupang.com/np/search?q=%EB%A1%9C%ED%8B%B0%EC%BA%A0%ED%94%84+COM4+%EC%BB%B4%ED%8F%AC%ED%8A%B8+%EC%9B%90%ED%84%B0%EC%B9%98+%ED%85%90%ED%8A%B8,https://link.coupang.com/a/ewxTFfYTN6
413,로티캠프,빅 패밀리 텐트,오토캠핑텐트,5,1,204000,https://www.coupang.com/np/search?q=%EB%A1%9C%ED%8B%B0%EC%BA%A0%ED%94%84+%EB%B9%85+%ED%8C%A8%EB%B0%80%EB%A6%AC+%ED%85%90%ED%8A%B8,https://link.coupang.com/a/ewxW15mfOS
387,로티캠프,빅스퀘어 텐트 바닥 일체형,오토캠핑텐트,4,1,219000,https://www.coupang.com/np/search?q=%EB%A1%9C%ED%8B%B0%EC%BA%A0%ED%94%84+%EB%B9%85%EC%8A%A4%ED%80%98%EC%96%B4+%ED%85%90%ED%8A%B8+%EB%B0%94%EB%8B%A5+%EC%9D%BC%EC%B2%B4%ED%98%95,https://link.coupang.com/a/ewxYEMJjUW
507,로티캠프,원터치 육각 텐트 2윈도우,오토캠핑텐트,4,1,68910,https://www.coupang.com/np/search?q=%EB%A1%9C%ED%8B%B0%EC%BA%A0%ED%94%84+%EC%9B%90%ED%84%B0%EC%B9%98+%EC%9C%A1%EA%B0%81+%ED%85%90%ED%8A%B8+2%EC%9C%88%EB%8F%84%EC%9A%B0,https://link.coupang.com/a/ewx05oEDzU
353,로티캠프,원터치 육각 텐트 4윈도우,오토캠핑텐트,5,1,71010,https://www.coupang.com/np/search?q=%EB%A1%9C%ED%8B%B0%EC%BA%A0%ED%94%84+%EC%9B%90%ED%84%B0%EC%B9%98+%EC%9C%A1%EA%B0%81+%ED%85%90%ED%8A%B8+4%EC%9C%88%EB%8F%84%EC%9A%B0,https://link.coupang.com/a/ewyewTbHRk
436,로티캠프,제로스트 A1 에어텐트,오토캠핑텐트,4,1,499000,https://www.coupang.com/np/search?q=%EB%A1%9C%ED%8B%B0%EC%BA%A0%ED%94%84+%EC%A0%9C%EB%A1%9C%EC%8A%A4%ED%8A%B8+A1+%EC%97%90%EC%96%B4%ED%85%90%ED%8A%B8,https://link.coupang.com/a/ewyf1n0aYu
